Name,Price,Link
Amazfit Active 3 Premium,"KSh25,000",https://www.phoneplacekenya.com/product/amazfit-active-3-pemium/
Motorola Moto G57,"KSh35,000Original price was: KSh 35,000.KSh31,000Current price is: KSh 31,000.",https://www.phoneplacekenya.com/product/motorola-moto-g57/
Infinix Hot 70 Pro 5G,"KSh36,500",https://www.phoneplacekenya.com/product/infinix-hot-70-pro/
Samsung Galaxy M06 5G,"KSh22,000Original price was: KSh 22,000.KSh17,000Current price is: KSh 17,000.",https://www.phoneplacekenya.com/product/sansung-galaxy-m06-5g/
Infinix Hot 70 4G,"KSh18,200–KSh25,700Price range: KSh 18,200 through KSh 25,700",https://www.phoneplacekenya.com/product/infinix-hot-70/
Honor 600 5G,"KSh76,000Original price was: KSh 76,000.KSh74,000Current price is: KSh 74,000.",https://www.phoneplacekenya.com/product/honor-600-5g/
Honor 600 Pro 5G,"KSh113,000",https://www.phoneplacekenya.com/product/honor-600-pro-5g/
OnePlus Nord CE6,"KSh50,000",https://www.phoneplacekenya.com/product/oneplus-nord-ce6/
Motorola Moto G06 4G,"KSh22,000",https://www.phoneplacekenya.com/product/motorola-moto-g06-4g/
Motorola Edge 70 Fusion,"KSh59,000Original price was: KSh 59,000.KSh56,000Current price is: KSh 56,000.",https://www.phoneplacekenya.com/product/motorola-edge-70-fusion/
HMD Luma,"KSh18,000",https://www.phoneplacekenya.com/product/hmd-luma/
Samsung Galaxy M17e 5G,"KSh18,000–KSh20,000Price range: KSh 18,000 through KSh 20,000",https://www.phoneplacekenya.com/product/samsung-galaxy-m17e-5g/
Tecno Spark 50 4G,"KSh17,500–KSh20,500Price range: KSh 17,500 through KSh 20,500",https://www.phoneplacekenya.com/product/tecno-spark-50-4g/
Vivo X300 Ultra,"KSh215,000",https://www.phoneplacekenya.com/product/vivo-x300-ultra/
Vivo V70 FE 5G,"KSh54,000–KSh63,000Price range: KSh 54,000 through KSh 63,000",https://www.phoneplacekenya.com/product/vivo-v70-fe-5g/
Oppo A6 4G,"KSh33,500–KSh36,000Price range: KSh 33,500 through KSh 36,000",https://www.phoneplacekenya.com/product/oppo-a6-4g/
Motorola G35 5G,"KSh28,000Original price was: KSh 28,000.KSh24,500Current price is: KSh 24,500.",https://www.phoneplacekenya.com/product/motorola-g35-5g/
Motorola Moto G56 5G,"KSh35,500Original price was: KSh 35,500.KSh33,000Current price is: KSh 33,000.",https://www.phoneplacekenya.com/product/motorola-moto-g56-5g/
Realme C85 Pro 4G,"KSh32,000",https://www.phoneplacekenya.com/product/realme-c85-pro-4g/
Realme Note 70 4G,"KSh17,500",https://www.phoneplacekenya.com/product/realme-noe-70-4g/
Itel A200 4G,"KSh13,500",https://www.phoneplacekenya.com/product/itel-a200-4g/
Itel City 200,"KSh20,000Original price was: KSh 20,000.KSh18,500Current price is: KSh 18,500.",https://www.phoneplacekenya.com/product/itel-city-200/
Redmi A7 4G,"KSh14,000Original price was: KSh 14,000.KSh13,500Current price is: KSh 13,500.",https://www.phoneplacekenya.com/product/redmi-a7-4g/
Motorola G77 5G,"KSh42,000Original price was: KSh 42,000.KSh39,000Current price is: KSh 39,000.",https://www.phoneplacekenya.com/product/motorola-g77-5g/
Motorola Edge 70,"KSh70,000Original price was: KSh 70,000.KSh67,000Current price is: KSh 67,000.",https://www.phoneplacekenya.com/product/motorola-edge-70/
Motorola S50 Neo,"KSh40,000Original price was: KSh 40,000.KSh39,500Current price is: KSh 39,500.",https://www.phoneplacekenya.com/product/motorola-s50-neo/
Motorola Edge 60 Stylus,"KSh45,000Original price was: KSh 45,000.KSh39,000Current price is: KSh 39,000.",https://www.phoneplacekenya.com/product/motorola-edge-60-stylus/
Motorola Edge 60 5G,"KSh52,000",https://www.phoneplacekenya.com/product/motorola-edge-60-5g/
Vivo Y05 4G,"KSh16,000–KSh18,600Price range: KSh 16,000 through KSh 18,600",https://www.phoneplacekenya.com/product/vivo-yo5-4g-price-in-kenya/
Oppo Find N6,"KSh225,000Original price was: KSh 225,000.KSh223,000Current price is: KSh 223,000.",https://www.phoneplacekenya.com/product/oppo-find-n6-price-in-kenya/
Infinix Smart 20,"KSh13,000–KSh14,300Price range: KSh 13,000 through KSh 14,300",https://www.phoneplacekenya.com/product/infinix-smart-20-price-in-kenya/
Nothing Phone 4 (a) Pro,"KSh85,500Original price was: KSh 85,500.KSh83,000Current price is: KSh 83,000.",https://www.phoneplacekenya.com/product/nothing-phone-4a-pro/
Nothing Phone 4 (a) 5G,"KSh55,000–KSh61,500Price range: KSh 55,000 through KSh 61,500",https://www.phoneplacekenya.com/product/nothing-phone-4-a-5g/
Infinix Note 60 Pro 5G,"KSh42,000Original price was: KSh 42,000.KSh41,000Current price is: KSh 41,000.",https://www.phoneplacekenya.com/product/infinix-note-60-pro-5g/
Tecno Camon 50 Ultra,"KSh60,000Original price was: KSh 60,000.KSh58,000Current price is: KSh 58,000.",https://www.phoneplacekenya.com/product/tecno-camon-50-ultra/
Honor 200 Lite,"KSh40,000Original price was: KSh 40,000.KSh30,000Current price is: KSh 30,000.",https://www.phoneplacekenya.com/product/honor-200-lite/
Tecno Pop 20,"KSh12,300–KSh14,500Price range: KSh 12,300 through KSh 14,500",https://www.phoneplacekenya.com/product/tecno-pop-20/
Redmi A7 Pro 4G,"KSh14,500–KSh16,000Price range: KSh 14,500 through KSh 16,000",https://www.phoneplacekenya.com/product/redmi-a7-pro-4g/
Samsung Galaxy F70e 5G,"KSh18,500",https://www.phoneplacekenya.com/product/samsung-galaxy-f70e-5g/
OnePlus Nord 6,"KSh59,000–KSh65,000Price range: KSh 59,000 through KSh 65,000",https://www.phoneplacekenya.com/product/oneplus-nord-6/
Vivo Y31d,"KSh25,600–KSh28,000Price range: KSh 25,600 through KSh 28,000",https://www.phoneplacekenya.com/product/vivo-y31d/
Itel A100C,"KSh12,999",https://www.phoneplacekenya.com/product/itel-a100c/
Oppo Reno15 F 5G,"KSh56,000Original price was: KSh 56,000.KSh54,500Current price is: KSh 54,500.",https://www.phoneplacekenya.com/product/oppo-reno15-f-5g/
Infinix Note Edge 5G,"KSh36,000Original price was: KSh 36,000.KSh34,500Current price is: KSh 34,500.",https://www.phoneplacekenya.com/product/infinix-note-edge/
Vivo V70 5G,"KSh78,500Original price was: KSh 78,500.KSh76,500Current price is: KSh 76,500.",https://www.phoneplacekenya.com/product/vivo-v70-5g/
Oppo A6x 4G,"KSh16,100–KSh22,000Price range: KSh 16,100 through KSh 22,000",https://www.phoneplacekenya.com/product/oppo-a6x4g/
Poco M8 Pro,"KSh47,000Original price was: KSh 47,000.KSh44,000Current price is: KSh 44,000.",https://www.phoneplacekenya.com/product/poco-m8-pro/
Apple iPhone 17e,"KSh91,000–KSh98,000Price range: KSh 91,000 through KSh 98,000",https://www.phoneplacekenya.com/product/apple-iphone-17e/
Samsung Galaxy Z TriFold,"KSh700,000Original price was: KSh 700,000.KSh570,000Current price is: KSh 570,000.",https://www.phoneplacekenya.com/product/samsung-galaxy-trifold/
Xiaomi 17 Ultra Leica Edition,"KSh168,000Original price was: KSh 168,000.KSh162,000Current price is: KSh 162,000.",https://www.phoneplacekenya.com/product/xiaomi-17-ultra/
Oppo Find X9,"KSh125,000Original price was: KSh 125,000.KSh123,000Current price is: KSh 123,000.",https://www.phoneplacekenya.com/product/oppo-find-x9/
Tecno Camon 50,"KSh37,000Original price was: KSh 37,000.KSh35,000Current price is: KSh 35,000.",https://www.phoneplacekenya.com/product/tecno-camon-50/
Tecno Camon 50 Pro 4G,"KSh40,000Original price was: KSh 40,000.KSh38,500Current price is: KSh 38,500.",https://www.phoneplacekenya.com/product/tecno-camon-50-pro-4g/
Samsung Galaxy A37 5G,"KSh38,500–KSh49,000Price range: KSh 38,500 through KSh 49,000",https://www.phoneplacekenya.com/product/samsung-galaxy-a37-5g/
Nothing phone 3A Lite,"KSh32,000–KSh37,000Price range: KSh 32,000 through KSh 37,000",https://www.phoneplacekenya.com/product/nothing-phone-3a-lite/
Samsung Galaxy A27 5G,"KSh36,500–KSh45,500Price range: KSh 36,500 through KSh 45,500",https://www.phoneplacekenya.com/product/samsung-galaxy-a27-5g/
Samsung Galaxy S26 Plus 5G,"KSh112,000–KSh124,000Price range: KSh 112,000 through KSh 124,000",https://www.phoneplacekenya.com/product/samsung-galaxy-s26-plus-5g/
Samsung Galaxy S26 Ultra 5G,"KSh126,000–KSh186,000Price range: KSh 126,000 through KSh 186,000",https://www.phoneplacekenya.com/product/samsung-galaxy-s26-ultra-5g/
Samsung Galaxy S26 5G,"KSh105,000Original price was: KSh 105,000.KSh101,000Current price is: KSh 101,000.",https://www.phoneplacekenya.com/product/samsung-galaxy-s26-5g/
Samsung Galaxy A57 5G,"KSh46,000–KSh56,000Price range: KSh 46,000 through KSh 56,000",https://www.phoneplacekenya.com/product/samsung-galaxy-a57-5g/
No Name,No Price,No Link
No Name,No Price,No Link
No Name,No Price,No Link
Oppo Reno15 Pro,"KSh78,500Original price was: KSh 78,500.KSh77,000Current price is: KSh 77,000.",https://www.phoneplacekenya.com/product/oppo-reno15-pro/
Oppo Reno15 5G,"KSh69,500Original price was: KSh 69,500.KSh67,000Current price is: KSh 67,000.",https://www.phoneplacekenya.com/product/oppo-reno15/
Poco F8 Ultra,"KSh111,000Original price was: KSh 111,000.KSh104,500Current price is: KSh 104,500.",https://www.phoneplacekenya.com/product/poco-f8-ultra/
Realme Note 60x,"KSh14,000",https://www.phoneplacekenya.com/product/realme-note-60x/
OnePlus 15R,"KSh68,500–KSh73,500Price range: KSh 68,500 through KSh 73,500",https://www.phoneplacekenya.com/product/oneplus-15r/
Xiaomi 15T 5G,"KSh70,500Original price was: KSh 70,500.KSh68,500Current price is: KSh 68,500.",https://www.phoneplacekenya.com/product/xiaomi-15t-5g/
Samsung Galaxy F36 5G,"KSh26,500Original price was: KSh 26,500.KSh23,500Current price is: KSh 23,500.",https://www.phoneplacekenya.com/product/samsung-galaxy-f36-5g/
Samsung Galaxy F17 5G,"KSh20,500–KSh22,500Price range: KSh 20,500 through KSh 22,500",https://www.phoneplacekenya.com/product/samsung-galaxy-f17-5g/
Honor 400 Lite 5G,"KSh44,000Original price was: KSh 44,000.KSh37,000Current price is: KSh 37,000.",https://www.phoneplacekenya.com/product/honor-400-lite-5g/
Honor X9d 5G,"KSh46,000–KSh50,800Price range: KSh 46,000 through KSh 50,800",https://www.phoneplacekenya.com/product/honor-x9d-5g/
Honor X7d 4G,"KSh27,000Original price was: KSh 27,000.KSh24,500Current price is: KSh 24,500.",https://www.phoneplacekenya.com/product/honor-x7d-4g/
Honor X5c Plus 4G,"KSh16,700Original price was: KSh 16,700.KSh15,500Current price is: KSh 15,500.",https://www.phoneplacekenya.com/product/honor-x5c-plus-4g/
Vivo V60 Lite 4G,"KSh34,000Original price was: KSh 34,000.KSh33,000Current price is: KSh 33,000.",https://www.phoneplacekenya.com/product/vivo-v60-lite-4g/
Vivo X300 Pro,"KSh153,000Original price was: KSh 153,000.KSh151,000Current price is: KSh 151,000.",https://www.phoneplacekenya.com/product/vivo-x300-pro/
Samsung Galaxy M07,"KSh14,000",https://www.phoneplacekenya.com/product/samsung-galaxy-m07/
Samsung Galaxy F07 4G,"KSh14,000",https://www.phoneplacekenya.com/product/samsung-galaxy-f07-4g/
Samsung Galaxy M17 5G,"KSh20,200–KSh23,000Price range: KSh 20,200 through KSh 23,000",https://www.phoneplacekenya.com/product/samsung-galaxy-m17-5g/
Oppo A6 Pro 4G,"KSh44,000Original price was: KSh 44,000.KSh43,000Current price is: KSh 43,000.",https://www.phoneplacekenya.com/product/oppo-a6-pro-4g/
Honor Play10,"KSh12,000",https://www.phoneplacekenya.com/product/honor-play10/
Nothing Phone (3),"KSh85,500–KSh96,500Price range: KSh 85,500 through KSh 96,500",https://www.phoneplacekenya.com/product/nothing-phone-3/
OnePlus 15 5G,"KSh99,500–KSh109,000Price range: KSh 99,500 through KSh 109,000",https://www.phoneplacekenya.com/product/oneplus-15-5g/
Itel Super S26 Ultra 4G,"KSh27,400Original price was: KSh 27,400.KSh26,500Current price is: KSh 26,500.",https://www.phoneplacekenya.com/product/itel-super-s26-ultra-5g/
Xiaomi 17 Pro Max,"KSh131,000Original price was: KSh 131,000.KSh127,000Current price is: KSh 127,000.",https://www.phoneplacekenya.com/product/xiaomi-17-pro-max/
Samsung Galaxy M36 5G,"KSh23,500–KSh25,500Price range: KSh 23,500 through KSh 25,500",https://www.phoneplacekenya.com/product/samsung-galaxy-m36-5g/
Redmi 15 4G,"KSh20,500",https://www.phoneplacekenya.com/product/xiaomi-redmi-15-4g/
Samsung Galaxy A17 4G,"KSh20,500–KSh27,500Price range: KSh 20,500 through KSh 27,500",https://www.phoneplacekenya.com/product/samsung-galaxy-a17-4g/
Google Pixel 10 Pro,"KSh125,500Original price was: KSh 125,500.KSh121,000Current price is: KSh 121,000.",https://www.phoneplacekenya.com/product/google-pixel-10-pro/
Vivo V60 5G,"KSh59,000Original price was: KSh 59,000.KSh57,000Current price is: KSh 57,000.",https://www.phoneplacekenya.com/product/vivo-v60-5g/
Honor 400 Pro 5G,"KSh79,500Original price was: KSh 79,500.KSh77,000Current price is: KSh 77,000.",https://www.phoneplacekenya.com/product/honor-400-pro-5g/
Infinix GT 30 Pro,"KSh40,999Original price was: KSh 40,999.KSh38,000Current price is: KSh 38,000.",https://www.phoneplacekenya.com/product/infinix-gt-30-pro/
Honor X6c,"KSh19,800–KSh21,500Price range: KSh 19,800 through KSh 21,500",https://www.phoneplacekenya.com/product/honor-x6c/
Poco F7 Ultra,"KSh89,500Original price was: KSh 89,500.KSh80,000Current price is: KSh 80,000.",https://www.phoneplacekenya.com/product/xiaomi-poco-f7-ultra/
Samsung Galaxy A07 4G,"KSh13,300–KSh16,500Price range: KSh 13,300 through KSh 16,500",https://www.phoneplacekenya.com/product/samsung-galaxy-qo7-4g/
Samsung Galaxy A17 5G,"KSh26,000–KSh28,000Price range: KSh 26,000 through KSh 28,000",https://www.phoneplacekenya.com/product/samsung-galaxy-a17-5g/
Honor 400,"KSh54,000–KSh59,000Price range: KSh 54,000 through KSh 59,000",https://www.phoneplacekenya.com/product/honor-400/
Google Pixel 10a,"KSh61,000–KSh65,000Price range: KSh 61,000 through KSh 65,000",https://www.phoneplacekenya.com/product/google-pixel-10a/
Google Pixel 10 Pro Fold,"KSh165,000–KSh195,000Price range: KSh 165,000 through KSh 195,000",https://www.phoneplacekenya.com/product/google-pixel-10-pro-fold/
Google Pixel 10 Pro XL,"KSh125,000Original price was: KSh 125,000.KSh121,000Current price is: KSh 121,000.",https://www.phoneplacekenya.com/product/google-pixel-10-pro-xl/
Google Pixel 10,"KSh82,500–KSh87,000Price range: KSh 82,500 through KSh 87,000",https://www.phoneplacekenya.com/product/google-pixel-10/
Redmi 15C 4G,"KSh16,300–KSh21,800Price range: KSh 16,300 through KSh 21,800",https://www.phoneplacekenya.com/product/redmi-15c-4g/
Redmi Note 15 4G,"KSh27,500–KSh30,700Price range: KSh 27,500 through KSh 30,700",https://www.phoneplacekenya.com/product/redmi-note-15-4g/
Redmi Note 15 Pro 4G,"KSh38,600–KSh44,500Price range: KSh 38,600 through KSh 44,500",https://www.phoneplacekenya.com/product/redmi-note-15-pro-4g/
Redmi Note 15 Pro Plus 5G,"KSh53,000–KSh62,500Price range: KSh 53,000 through KSh 62,500",https://www.phoneplacekenya.com/product/redmi-note-15-pro-plus-5g/
ZTE Blade A36,"KSh12,000",https://www.phoneplacekenya.com/product/zte-blade-a36/
ZTE Blade A56,"KSh13,000",https://www.phoneplacekenya.com/product/zte-blade-a56/
Itel 2165,"KSh2,300",https://www.phoneplacekenya.com/product/itel-2165/
Nokia 105 (2023),"KSh2,500",https://www.phoneplacekenya.com/product/nokia-105-2023/
Apple iPhone 17,"KSh110,000–KSh145,000Price range: KSh 110,000 through KSh 145,000",https://www.phoneplacekenya.com/product/apple-iphone-17/
Apple iPhone 17 Air,"KSh118,000–KSh172,000Price range: KSh 118,000 through KSh 172,000",https://www.phoneplacekenya.com/product/apple-iphone-17-air/
Apple iPhone 17 Pro,"KSh152,000–KSh227,000Price range: KSh 152,000 through KSh 227,000",https://www.phoneplacekenya.com/product/apple-iphone-17-pro/
iPhone 17 Pro Max,"KSh158,000–KSh303,000Price range: KSh 158,000 through KSh 303,000",https://www.phoneplacekenya.com/product/iphone-17-pro-max/
Samsung Galaxy Z Fold7,"KSh161,000–KSh183,000Price range: KSh 161,000 through KSh 183,000",https://www.phoneplacekenya.com/product/samsung-galaxy-z-fold7/
OnePlus Nord CE5 5G,"KSh42,000Original price was: KSh 42,000.KSh38,500Current price is: KSh 38,500.",https://www.phoneplacekenya.com/product/oneplus-nord-ce5-5g/
OnePlus Nord 5,"KSh62,000Original price was: KSh 62,000.KSh58,000Current price is: KSh 58,000.",https://www.phoneplacekenya.com/product/oneplus-nord-5/
Itel A06,"KSh10,200Original price was: KSh 10,200.KSh9,999Current price is: KSh 9,999.",https://www.phoneplacekenya.com/product/itel-ao6/
Tecno T101,"KSh3,200Original price was: KSh 3,200.KSh2,000Current price is: KSh 2,000.",https://www.phoneplacekenya.com/product/tecno-t5101/
Realme C75x 4G,"KSh18,500",https://www.phoneplacekenya.com/product/realme-c75x-4g/
Samsung Galaxy F06 5G,"KSh17,500",https://www.phoneplacekenya.com/product/samsung-galaxy-f06-5g/
Infinix Hot 60 Pro Plus,"KSh28,500Original price was: KSh 28,500.KSh27,000Current price is: KSh 27,000.",https://www.phoneplacekenya.com/product/infinix-hot-60-pro-plus/
Infinix Hot 60i 4G,"KSh16,000–KSh18,000Price range: KSh 16,000 through KSh 18,000",https://www.phoneplacekenya.com/product/infinix-hot-60i-4g/
No Name,No Price,No Link
No Name,No Price,No Link
No Name,No Price,No Link
OnePlus 13s,"KSh69,000–KSh72,000Price range: KSh 69,000 through KSh 72,000",https://www.phoneplacekenya.com/product/oneplus-13s/
Samsung Galaxy M56,"KSh44,000Original price was: KSh 44,000.KSh38,000Current price is: KSh 38,000.",https://www.phoneplacekenya.com/product/samsung-galaxy-m56/
Honor 200 Pro 5G,"KSh68,000Original price was: KSh 68,000.KSh66,500Current price is: KSh 66,500.",https://www.phoneplacekenya.com/product/honor-200-pro-5g/
Honor X5b,"KSh13,500Original price was: KSh 13,500.KSh12,300Current price is: KSh 12,300.",https://www.phoneplacekenya.com/product/honor-x5b/
Infinix Note 50 Pro 4G,"KSh34,500Original price was: KSh 34,500.KSh32,000Current price is: KSh 32,000.",https://www.phoneplacekenya.com/product/infinix-note-50-pro-4g-2/
Samsung Galaxy F16 5G,"KSh23,500Original price was: KSh 23,500.KSh22,000Current price is: KSh 22,000.",https://www.phoneplacekenya.com/product/samsung-galaxy-f16-5g/
Samsung Galaxy A26 5G,"KSh28,000–KSh32,000Price range: KSh 28,000 through KSh 32,000",https://www.phoneplacekenya.com/product/samsung-galaxy-a26-5g/
Nothing Phone 3a,"KSh40,000–KSh49,000Price range: KSh 40,000 through KSh 49,000",https://www.phoneplacekenya.com/product/nothing-phone-3a/
Google Pixel 9a,"KSh54,500–KSh57,000Price range: KSh 54,500 through KSh 57,000",https://www.phoneplacekenya.com/product/google-pixel-9a/
Samsung Galaxy A56 5G,"KSh43,000–KSh48,500Price range: KSh 43,000 through KSh 48,500",https://www.phoneplacekenya.com/product/samsung-galaxy-a56-5g/
Samsung Galaxy A36 5G,"KSh35,000–KSh38,500Price range: KSh 35,000 through KSh 38,500",https://www.phoneplacekenya.com/product/samsung-galaxy-a36-5g/
Nothing Phone 3a Pro,"KSh59,000Original price was: KSh 59,000.KSh55,000Current price is: KSh 55,000.",https://www.phoneplacekenya.com/product/nothing-phone-3a-pro/
Samsung Galaxy S25 5G,"KSh72,000–KSh81,000Price range: KSh 72,000 through KSh 81,000",https://www.phoneplacekenya.com/product/samsung-galaxy-s25-5g/
Samsung Galaxy S25 Plus,"KSh95,000Original price was: KSh 95,000.KSh91,000Current price is: KSh 91,000.",https://www.phoneplacekenya.com/product/samsung-galaxy-s25-plus/
Samsung Galaxy S25 Ultra,"KSh113,000–KSh172,000Price range: KSh 113,000 through KSh 172,000",https://www.phoneplacekenya.com/product/samsung-galaxy-s25-ultra/
Samsung Galaxy S25 FE 5G,"KSh71,500Original price was: KSh 71,500.KSh67,000Current price is: KSh 67,000.",https://www.phoneplacekenya.com/product/samsung-galaxy-s25-fe-5g/
Nothing Phone 2a Plus,"KSh51,000Original price was: KSh 51,000.KSh44,000Current price is: KSh 44,000.",https://www.phoneplacekenya.com/product/nothing-phone-2a-plus/
Redmi Note 14 Pro Plus 5G,"KSh47,500–KSh59,500Price range: KSh 47,500 through KSh 59,500",https://www.phoneplacekenya.com/product/redmi-note-14-pro-plus-5g/
Samsung Galaxy A16 4G,"KSh19,500Original price was: KSh 19,500.KSh18,500Current price is: KSh 18,500.",https://www.phoneplacekenya.com/product/samsung-galaxy-a16-4g/
OnePlus 13R,"KSh61,500–KSh66,500Price range: KSh 61,500 through KSh 66,500",https://www.phoneplacekenya.com/product/oneplus-13r/
Philips Omni 10,"KSh20,000Original price was: KSh 20,000.KSh18,000Current price is: KSh 18,000.",https://www.phoneplacekenya.com/product/philips-omni-10-s7710/
Infinix Zero Flip 5G,"KSh48,000Original price was: KSh 48,000.KSh47,000Current price is: KSh 47,000.",https://www.phoneplacekenya.com/product/infinix-zero-flip-5g/
Realme 12 Plus 5G,"KSh55,000Original price was: KSh 55,000.KSh46,000Current price is: KSh 46,000.",https://www.phoneplacekenya.com/product/realme-12-plus-5g/
Realme 12 Pro 5G,"KSh55,000Original price was: KSh 55,000.KSh52,000Current price is: KSh 52,000.",https://www.phoneplacekenya.com/product/realme-12-5g-pro-5g/
Tecno Phantom V Fold 2,"KSh128,500Original price was: KSh 128,500.KSh120,000Current price is: KSh 120,000.",https://www.phoneplacekenya.com/product/tecno-phantom-v-fold-2/
Tecno Phantom V Flip 2,"KSh84,000Original price was: KSh 84,000.KSh76,000Current price is: KSh 76,000.",https://www.phoneplacekenya.com/product/tecno-phantom-v-flip-2/
Apple iPhone 16,"KSh94,000–KSh104,000Price range: KSh 94,000 through KSh 104,000",https://www.phoneplacekenya.com/product/apple-iphone-16/
Apple iPhone 16 Plus,"KSh109,000–KSh118,000Price range: KSh 109,000 through KSh 118,000",https://www.phoneplacekenya.com/product/apple-iphone-16-plus/
Apple iPhone 16 Pro,"KSh153,000Original price was: KSh 153,000.KSh112,000Current price is: KSh 112,000.",https://www.phoneplacekenya.com/product/apple-iphone-16-pro/
iPhone 16 Pro Max,"KSh119,000–KSh151,000Price range: KSh 119,000 through KSh 151,000",https://www.phoneplacekenya.com/product/iphone-16-pro-max/
OnePlus 12 5G,"KSh82,500Original price was: KSh 82,500.KSh79,500Current price is: KSh 79,500.",https://www.phoneplacekenya.com/product/oneplus-12-5g/
Google Pixel 9 Pro XL,"KSh105,000Original price was: KSh 105,000.KSh103,000Current price is: KSh 103,000.",https://www.phoneplacekenya.com/product/google-pixel-9-pro-xl/
Google Pixel 9 Pro,"KSh86,500–KSh112,000Price range: KSh 86,500 through KSh 112,000",https://www.phoneplacekenya.com/product/google-pixel-9-pro/
Google Pixel 9,"KSh86,000Original price was: KSh 86,000.KSh73,000Current price is: KSh 73,000.",https://www.phoneplacekenya.com/product/google-pixel-9/
OnePlus 13 5G,"KSh95,500Original price was: KSh 95,500.KSh91,500Current price is: KSh 91,500.",https://www.phoneplacekenya.com/product/oneplus-13-5g/
Samsung Galaxy A06,"KSh12,500",https://www.phoneplacekenya.com/product/samsung-galaxy-a06/
Samsung Galaxy Z Fold 6,"KSh137,000Original price was: KSh 137,000.KSh133,000Current price is: KSh 133,000.",https://www.phoneplacekenya.com/product/samsung-galaxy-z-fold-6/
Asus Zenfone 11 Ultra,"KSh128,000–KSh145,000Price range: KSh 128,000 through KSh 145,000",https://www.phoneplacekenya.com/product/asus-zenfone-11-ultra/
Asus ROG Phone 8 Pro,"KSh137,000–KSh208,000Price range: KSh 137,000 through KSh 208,000",https://www.phoneplacekenya.com/product/asus-rog-phone-8-pro/
Xiaomi POCO F6 Pro,"KSh55,000Original price was: KSh 55,000.KSh49,500Current price is: KSh 49,500.",https://www.phoneplacekenya.com/product/xiaomi-poco-f6-pro/
Asus ROG Phone 8,"KSh102,000–KSh148,000Price range: KSh 102,000 through KSh 148,000",https://www.phoneplacekenya.com/product/asus-rog-phone-8/
Asus Zenfone 10,"KSh117,500–KSh138,500Price range: KSh 117,500 through KSh 138,500",https://www.phoneplacekenya.com/product/asus-zenfone-10/
Asus ROG Phone 7,"KSh138,000–KSh160,000Price range: KSh 138,000 through KSh 160,000",https://www.phoneplacekenya.com/product/asus-rog-phone-7/
Itel 2160,"KSh2,500Original price was: KSh 2,500.KSh2,000Current price is: KSh 2,000.",https://www.phoneplacekenya.com/product/itel-2160/
Itel 2163,"KSh2,400",https://www.phoneplacekenya.com/product/itel-2163/
Apple iPhone 15,"KSh81,500–KSh99,000Price range: KSh 81,500 through KSh 99,000",https://www.phoneplacekenya.com/product/apple-iphone-15/
Apple iPhone 15 Plus,"KSh95,000–KSh109,000Price range: KSh 95,000 through KSh 109,000",https://www.phoneplacekenya.com/product/apple-iphone-15-plus/
Apple iPhone 15 Pro,"KSh93,000Original price was: KSh 93,000.KSh86,000Current price is: KSh 86,000.",https://www.phoneplacekenya.com/product/apple-iphone-15-pro/
Apple iPhone 15 Pro Max,"KSh97,000Original price was: KSh 97,000.KSh94,000Current price is: KSh 94,000.",https://www.phoneplacekenya.com/product/apple-iphone-15-pro-max/
Samsung Galaxy F04,"KSh14,000Original price was: KSh 14,000.KSh13,500Current price is: KSh 13,500.",https://www.phoneplacekenya.com/product/samsung-galaxy-f04/
Google Pixel 8 Pro,"KSh67,000Original price was: KSh 67,000.KSh61,000Current price is: KSh 61,000.",https://www.phoneplacekenya.com/product/google-pixel-8-pro/
Google Pixel 8,"KSh61,000Original price was: KSh 61,000.KSh57,500Current price is: KSh 57,500.",https://www.phoneplacekenya.com/product/google-pixel-8/
Nothing Phone 2,"KSh68,000",https://www.phoneplacekenya.com/product/nothing-phone-2/
Google Pixel 7 Pro,"KSh53,500Original price was: KSh 53,500.KSh46,000Current price is: KSh 46,000.",https://www.phoneplacekenya.com/product/google-pixel-7-pro/
Google Pixel 7,"KSh48,500Original price was: KSh 48,500.KSh36,500Current price is: KSh 36,500.",https://www.phoneplacekenya.com/product/google-pixel-7/
Samsung Galaxy M04,"KSh14,500",https://www.phoneplacekenya.com/product/samsung-galaxy-m04/
Apple iPhone 14 Pro Max,"KSh83,000Original price was: KSh 83,000.KSh76,000Current price is: KSh 76,000.",https://www.phoneplacekenya.com/product/apple-iphone-14-pro-max/
Apple iPhone 14 Pro,"KSh78,000Original price was: KSh 78,000.KSh70,000Current price is: KSh 70,000.",https://www.phoneplacekenya.com/product/apple-iphone-14-pro/
Apple iPhone 14,"KSh52,000–KSh57,000Price range: KSh 52,000 through KSh 57,000",https://www.phoneplacekenya.com/product/apple-iphone-14/
Apple iPhone 13 Pro Max,"KSh70,000Original price was: KSh 70,000.KSh66,000Current price is: KSh 66,000.",https://www.phoneplacekenya.com/product/apple-iphone-13-pro-max/
No Name,No Price,No Link
No Name,No Price,No Link
No Name,No Price,No Link
Apple iPhone 13 Pro,"KSh64,500Original price was: KSh 64,500.KSh60,000Current price is: KSh 60,000.",https://www.phoneplacekenya.com/product/apple-iphone-13-pro/
Apple iPhone 13,"KSh51,000Original price was: KSh 51,000.KSh47,000Current price is: KSh 47,000.",https://www.phoneplacekenya.com/product/apple-iphone-13/
Apple iPhone 12,"KSh40,500Original price was: KSh 40,500.KSh38,000Current price is: KSh 38,000.",https://www.phoneplacekenya.com/product/apple-iphone-12/
Apple iPhone 12 Pro,"KSh52,000Original price was: KSh 52,000.KSh47,000Current price is: KSh 47,000.",https://www.phoneplacekenya.com/product/apple-iphone-12-pro/
Apple iPhone 12 Pro Max,"KSh53,000–KSh57,000Price range: KSh 53,000 through KSh 57,000",https://www.phoneplacekenya.com/product/apple-iphone-12-pro-max/
Apple iPhone 11,"KSh35,000Original price was: KSh 35,000.KSh31,500Current price is: KSh 31,500.",https://www.phoneplacekenya.com/product/apple-iphone-11/
Apple iPhone 11 Pro Max,"KSh47,000Original price was: KSh 47,000.KSh43,000Current price is: KSh 43,000.",https://www.phoneplacekenya.com/product/apple-iphone-11-pro-max/
Apple iPhone 11 Pro,"KSh42,000Original price was: KSh 42,000.KSh39,000Current price is: KSh 39,000.",https://www.phoneplacekenya.com/product/apple-iphone-11-pro/
No Name,No Price,No Link
No Name,No Price,No Link
No Name,No Price,No Link
